[
  {
    "StartingBalance": 200.0,
    "CurrentBalance": 1987.19,
    "OutstandingBalance": -10.81,
    "OutstandingItemCount": 1,
    "OutstandingSummary": "1 item | ($10.81)",
    "AccountNumber": "",
    "InterestRate": 0.0,
    "Notes": "",
    "LoginUrl": "",
    "LastBalancedUTC": "2023-11-23T21:05:19.1803668",
    "Id": "458b5c32-ba64-4e89-805e-5ba3f10b0a39",
    "Name": "Cash",
    "DeletedOnUTC": null,
    "DeletedById": null,
    "CreatedOnUTC": "2023-11-23T21:05:19.1803662",
    "CreatedById": "00000000-0000-0000-0000-000000000000"
  }
]