[
  {
    "Id": "44aa736c-a782-4e5b-b62a-9f043ff59a68",
    "Name": "medications",
    "DeletedOnUTC": null,
    "DeletedById": null,
    "CreatedOnUTC": "2023-11-23T21:05:19.1803692",
    "CreatedById": "00000000-0000-0000-0000-000000000000"
  },
  {
    "Id": "4866ec66-cb78-4d02-8bc4-a87e49007346",
    "Name": "gas",
    "DeletedOnUTC": null,
    "DeletedById": null,
    "CreatedOnUTC": "2023-11-23T21:05:19.1803688",
    "CreatedById": "00000000-0000-0000-0000-000000000000"
  },
  {
    "Id": "5a843a9f-46ba-43f5-8a25-2403dc493e67",
    "Name": "bills",
    "DeletedOnUTC": null,
    "DeletedById": null,
    "CreatedOnUTC": "2023-11-23T21:05:19.1803685",
    "CreatedById": "00000000-0000-0000-0000-000000000000"
  },
  {
    "Id": "952f2215-bd4d-4465-960c-38508ff5dc7e",
    "Name": "groceries",
    "DeletedOnUTC": null,
    "DeletedById": null,
    "CreatedOnUTC": "2023-11-23T21:05:19.180369",
    "CreatedById": "00000000-0000-0000-0000-000000000000"
  },
  {
    "Id": "a1ffa337-28af-4a0e-b60f-c12dcbb5c0d1",
    "Name": "streaming",
    "DeletedOnUTC": null,
    "DeletedById": null,
    "CreatedOnUTC": "2023-11-23T21:05:19.1803694",
    "CreatedById": "00000000-0000-0000-0000-000000000000"
  },
  {
    "Id": "e7a9812e-4103-41ed-a03d-0229a9bf98e8",
    "Name": "fast-food",
    "DeletedOnUTC": null,
    "DeletedById": null,
    "CreatedOnUTC": "2023-11-23T21:05:19.1803687",
    "CreatedById": "00000000-0000-0000-0000-000000000000"
  }
]