[
  {
    "NextDueDate": "2023-12-22T00:00:00",
    "Amount": 1343.72,
    "Notes": "",
    "Categories": null,
    "Frequency": 0,
    "FrequencyValue": null,
    "DayOfWeekValue": null,
    "TransactionGroupId": null,
    "TransactionType": 0,
    "Id": "06ab5fd7-e90c-4e44-b16a-86be66c233f5",
    "Name": "Payday",
    "DeletedOnUTC": null,
    "DeletedById": null,
    "CreatedOnUTC": "2023-11-23T21:05:19.1803869",
    "CreatedById": "00000000-0000-0000-0000-000000000000"
  },
  {
    "NextDueDate": "2023-12-18T00:00:00",
    "Amount": 150.0,
    "Notes": "",
    "Categories": null,
    "Frequency": 0,
    "FrequencyValue": null,
    "DayOfWeekValue": null,
    "TransactionGroupId": null,
    "TransactionType": 0,
    "Id": "6f7c802f-6a7e-43e4-8a7e-f5a10fbe8721",
    "Name": "Test",
    "DeletedOnUTC": null,
    "DeletedById": null,
    "CreatedOnUTC": "2023-11-23T21:05:19.1803855",
    "CreatedById": "00000000-0000-0000-0000-000000000000"
  },
  {
    "NextDueDate": "2023-12-18T00:00:00",
    "Amount": -16.79,
    "Notes": "",
    "Categories": null,
    "Frequency": 0,
    "FrequencyValue": null,
    "DayOfWeekValue": null,
    "TransactionGroupId": "c749a735-453b-4afe-9e17-2c55959d2261",
    "TransactionType": 1,
    "Id": "55098d86-ad1d-4fa8-b448-dbe7273e2f9c",
    "Name": "Allstate Apartment Insurance",
    "DeletedOnUTC": null,
    "DeletedById": null,
    "CreatedOnUTC": "2023-11-23T21:05:19.180383",
    "CreatedById": "00000000-0000-0000-0000-000000000000"
  },
  {
    "NextDueDate": "2023-12-15T00:00:00",
    "Amount": -10.81,
    "Notes": "",
    "Categories": null,
    "Frequency": 0,
    "FrequencyValue": null,
    "DayOfWeekValue": null,
    "TransactionGroupId": "c749a735-453b-4afe-9e17-2c55959d2261",
    "TransactionType": 1,
    "Id": "9d6fc15f-ca13-4ae0-8db9-8ab0cf0bb10c",
    "Name": "Adobe Photoshop",
    "DeletedOnUTC": null,
    "DeletedById": null,
    "CreatedOnUTC": "2023-11-23T21:05:19.1803798",
    "CreatedById": "00000000-0000-0000-0000-000000000000"
  }
]