[
  {
    "Amount": 1998.0,
    "AccountId": "458b5c32-ba64-4e89-805e-5ba3f10b0a39",
    "TransactionPendingUTC": "2023-11-25T00:00:00",
    "TransactionClearedUTC": "2023-11-25T00:00:00",
    "Balance": 1343.72,
    "Notes": "",
    "Files": [],
    "RecurringTransactionId": null,
    "TransactionType": 0,
    "Id": "e41576d0-de07-4221-a0dd-904df0d2fa79",
    "Name": "payday",
    "DeletedOnUTC": null,
    "DeletedById": null,
    "CreatedOnUTC": "2023-11-23T21:05:19.1803881",
    "CreatedById": "00000000-0000-0000-0000-000000000000"
  },
  {
    "Amount": -10.81,
    "AccountId": "458b5c32-ba64-4e89-805e-5ba3f10b0a39",
    "TransactionPendingUTC": null,
    "TransactionClearedUTC": null,
    "Balance": 1987.19,
    "Notes": "",
    "Files": [],
    "RecurringTransactionId": "9d6fc15f-ca13-4ae0-8db9-8ab0cf0bb10c",
    "TransactionType": 1,
    "Id": "6b83e03a-3e91-4aea-bc89-923ef6eec980",
    "Name": "Adobe Photoshop",
    "DeletedOnUTC": null,
    "DeletedById": null,
    "CreatedOnUTC": "2023-11-23T21:05:19.1803936",
    "CreatedById": "00000000-0000-0000-0000-000000000000"
  }
]