[
  {
    "FirstName": "admin",
    "FullNameFirstFirst": "admin admin",
    "FullNameLastFirst": "admin, admin",
    "IsDisabled": false,
    "LastName": "admin",
    "LocalTimeZone": "Central Standard Time",
    "CreatedOn": "2023-11-23T21:05:19.1803552",
    "Id": "00000000-0000-0000-0000-000000000000",
    "UserName": "Admin",
    "NormalizedUserName": null,
    "Email": "",
    "NormalizedEmail": null,
    "EmailConfirmed": false,
    "PasswordHash": null,
    "SecurityStamp": "0fe8379a-e82f-4e03-a082-2716e8d37ffd",
    "ConcurrencyStamp": "85bf28c6-5e07-44b5-b02a-4b895444ad19",
    "PhoneNumber": null,
    "PhoneNumberConfirmed": false,
    "TwoFactorEnabled": false,
    "LockoutEnd": null,
    "LockoutEnabled": false,
    "AccessFailedCount": 0
  }
]