[
  {
    "StartingBalance": 200.0,
    "CurrentBalance": 1987.19,
    "OutstandingBalance": -10.81,
    "OutstandingItemCount": 1,
    "OutstandingSummary": "1 item | ($10.81)",
    "AccountNumber": "",
    "InterestRate": 0.0,
    "Notes": "",
    "LoginUrl": "",
    "LastBalancedUTC": "2023-11-19T10:12:38.6199369",
    "Id": "0af5ab9b-c1fb-4255-bc49-9b7c23014a78",
    "Name": "Neches FCU",
    "DeletedOnUTC": null,
    "DeletedById": null,
    "CreatedOnUTC": "2023-11-19T10:12:38.6199362",
    "CreatedById": "00000000-0000-0000-0000-000000000000"
  }
]