[
  {
    "Id": "18cbb4e6-c061-4c99-ba1c-48aa58796a3c",
    "Name": "gas",
    "DeletedOnUTC": null,
    "DeletedById": null,
    "CreatedOnUTC": "2023-11-19T10:12:38.619938",
    "CreatedById": "00000000-0000-0000-0000-000000000000"
  },
  {
    "Id": "18dbbacf-91e6-4788-bcb8-29798c74a5b7",
    "Name": "gaming",
    "DeletedOnUTC": null,
    "DeletedById": null,
    "CreatedOnUTC": "2023-11-22T16:11:10.297",
    "CreatedById": "00000000-0000-0000-0000-000000000000"
  },
  {
    "Id": "27e5f753-ad87-4e3b-891d-b8b8b79e8045",
    "Name": "medications",
    "DeletedOnUTC": null,
    "DeletedById": null,
    "CreatedOnUTC": "2023-11-19T10:12:38.6199385",
    "CreatedById": "00000000-0000-0000-0000-000000000000"
  },
  {
    "Id": "34940e40-e15f-4c60-82ec-e2f17aac7d04",
    "Name": "groceries",
    "DeletedOnUTC": null,
    "DeletedById": null,
    "CreatedOnUTC": "2023-11-19T10:12:38.6199381",
    "CreatedById": "00000000-0000-0000-0000-000000000000"
  },
  {
    "Id": "5aa2d257-47c6-4099-9b9b-ddb92e697ef0",
    "Name": "fast-food",
    "DeletedOnUTC": null,
    "DeletedById": null,
    "CreatedOnUTC": "2023-11-19T10:12:38.6199378",
    "CreatedById": "00000000-0000-0000-0000-000000000000"
  },
  {
    "Id": "b7e07c97-b19a-4eb7-a21c-f7f04752f283",
    "Name": "streaming",
    "DeletedOnUTC": null,
    "DeletedById": null,
    "CreatedOnUTC": "2023-11-19T10:12:38.6199386",
    "CreatedById": "00000000-0000-0000-0000-000000000000"
  },
  {
    "Id": "f8cd9912-25ee-4a10-bb9f-3e686d55e6b7",
    "Name": "bills",
    "DeletedOnUTC": null,
    "DeletedById": null,
    "CreatedOnUTC": "2023-11-19T10:12:38.6199377",
    "CreatedById": "00000000-0000-0000-0000-000000000000"
  }
]