[
  {
    "NextDueDate": "2024-01-05T00:00:00",
    "Amount": -13.0,
    "Notes": "",
    "Categories": null,
    "Frequency": 3,
    "FrequencyValue": null,
    "DayOfWeekValue": null,
    "TransactionGroupId": null,
    "TransactionType": 1,
    "Id": "53066614-6c99-4a75-a8f7-8060626bbeca",
    "Name": "Etherpunk DNS",
    "DeletedOnUTC": null,
    "DeletedById": null,
    "CreatedOnUTC": "2023-11-19T10:12:38.6199693",
    "CreatedById": "00000000-0000-0000-0000-000000000000"
  },
  {
    "NextDueDate": "2023-12-18T00:00:00",
    "Amount": 150.0,
    "Notes": "",
    "Categories": null,
    "Frequency": 0,
    "FrequencyValue": null,
    "DayOfWeekValue": null,
    "TransactionGroupId": null,
    "TransactionType": 0,
    "Id": "54aca43c-77b8-447c-99b5-f2a9cbb1998a",
    "Name": "Mom / Cellphone",
    "DeletedOnUTC": null,
    "DeletedById": null,
    "CreatedOnUTC": "2023-11-19T10:12:38.619972",
    "CreatedById": "00000000-0000-0000-0000-000000000000"
  },
  {
    "NextDueDate": "2023-12-01T00:00:00",
    "Amount": 378.27,
    "Notes": "",
    "Categories": null,
    "Frequency": 0,
    "FrequencyValue": null,
    "DayOfWeekValue": null,
    "TransactionGroupId": null,
    "TransactionType": 0,
    "Id": "699ed7e7-3829-48df-98fc-7c6d13abd241",
    "Name": "OPM",
    "DeletedOnUTC": null,
    "DeletedById": null,
    "CreatedOnUTC": "2023-11-19T10:12:38.6199745",
    "CreatedById": "00000000-0000-0000-0000-000000000000"
  },
  {
    "NextDueDate": "2023-12-22T00:00:00",
    "Amount": 1998.0,
    "Notes": "",
    "Categories": null,
    "Frequency": 2,
    "FrequencyValue": 4,
    "DayOfWeekValue": 3,
    "TransactionGroupId": null,
    "TransactionType": 0,
    "Id": "830af3fd-ad62-43f5-9d23-daa961a7919a",
    "Name": "SSDI",
    "DeletedOnUTC": null,
    "DeletedById": null,
    "CreatedOnUTC": "2023-11-19T10:12:38.6199732",
    "CreatedById": "00000000-0000-0000-0000-000000000000"
  },
  {
    "NextDueDate": "2024-01-24T00:00:00",
    "Amount": -59.4,
    "Notes": "",
    "Categories": null,
    "Frequency": 3,
    "FrequencyValue": null,
    "DayOfWeekValue": null,
    "TransactionGroupId": null,
    "TransactionType": 1,
    "Id": "d542b67c-11e8-4880-a8d8-6cc9c613fcdc",
    "Name": "Etherpunk Webhosting",
    "DeletedOnUTC": null,
    "DeletedById": null,
    "CreatedOnUTC": "2023-11-19T10:12:38.6199708",
    "CreatedById": "00000000-0000-0000-0000-000000000000"
  },
  {
    "NextDueDate": "2023-12-23T00:00:00",
    "Amount": -2.99,
    "Notes": "",
    "Categories": null,
    "Frequency": 0,
    "FrequencyValue": null,
    "DayOfWeekValue": null,
    "TransactionGroupId": "da0c6b64-6975-4c0e-89ad-f096466ff3a4",
    "TransactionType": 1,
    "Id": "09c4a9ac-78dd-4aec-9805-c219daa630fc",
    "Name": "Apple iCloud",
    "DeletedOnUTC": null,
    "DeletedById": null,
    "CreatedOnUTC": "2023-11-19T10:12:38.6199537",
    "CreatedById": "00000000-0000-0000-0000-000000000000"
  },
  {
    "NextDueDate": "2023-12-10T00:00:00",
    "Amount": -472.12,
    "Notes": "",
    "Categories": null,
    "Frequency": 0,
    "FrequencyValue": null,
    "DayOfWeekValue": null,
    "TransactionGroupId": "da0c6b64-6975-4c0e-89ad-f096466ff3a4",
    "TransactionType": 1,
    "Id": "4e1cca60-3ecb-41d1-9265-df24a6d1a5ce",
    "Name": "Health Insurance",
    "DeletedOnUTC": null,
    "DeletedById": null,
    "CreatedOnUTC": "2023-11-19T10:12:38.6199639",
    "CreatedById": "00000000-0000-0000-0000-000000000000"
  },
  {
    "NextDueDate": "2023-12-18T00:00:00",
    "Amount": -719.52,
    "Notes": "",
    "Categories": null,
    "Frequency": 0,
    "FrequencyValue": null,
    "DayOfWeekValue": null,
    "TransactionGroupId": "da0c6b64-6975-4c0e-89ad-f096466ff3a4",
    "TransactionType": 1,
    "Id": "58e9475b-e553-42aa-84c8-0f8bd0fd8300",
    "Name": "Loan - Ford Explorer",
    "DeletedOnUTC": null,
    "DeletedById": null,
    "CreatedOnUTC": "2023-11-19T10:12:38.6199579",
    "CreatedById": "00000000-0000-0000-0000-000000000000"
  },
  {
    "NextDueDate": "2023-12-15T00:00:00",
    "Amount": -10.81,
    "Notes": "",
    "Categories": null,
    "Frequency": 0,
    "FrequencyValue": null,
    "DayOfWeekValue": null,
    "TransactionGroupId": "da0c6b64-6975-4c0e-89ad-f096466ff3a4",
    "TransactionType": 1,
    "Id": "6256ea4d-6822-4445-8fe7-e476f5dfcf44",
    "Name": "Adobe Photoshop",
    "DeletedOnUTC": null,
    "DeletedById": null,
    "CreatedOnUTC": "2023-11-19T10:12:38.6199498",
    "CreatedById": "00000000-0000-0000-0000-000000000000"
  },
  {
    "NextDueDate": "2023-12-09T00:00:00",
    "Amount": -36.81,
    "Notes": "",
    "Categories": null,
    "Frequency": 0,
    "FrequencyValue": null,
    "DayOfWeekValue": null,
    "TransactionGroupId": "da0c6b64-6975-4c0e-89ad-f096466ff3a4",
    "TransactionType": 1,
    "Id": "a5644261-6862-4e72-94af-677acd7a377d",
    "Name": "Fitness Your Way",
    "DeletedOnUTC": null,
    "DeletedById": null,
    "CreatedOnUTC": "2023-11-19T10:12:38.6199613",
    "CreatedById": "00000000-0000-0000-0000-000000000000"
  },
  {
    "NextDueDate": "2023-12-05T00:00:00",
    "Amount": -83.36,
    "Notes": "",
    "Categories": null,
    "Frequency": 0,
    "FrequencyValue": null,
    "DayOfWeekValue": null,
    "TransactionGroupId": "da0c6b64-6975-4c0e-89ad-f096466ff3a4",
    "TransactionType": 1,
    "Id": "bba98b29-af98-4cbf-963b-1d6d1bcbe2e6",
    "Name": "Loan - DebtCon/Vacation",
    "DeletedOnUTC": null,
    "DeletedById": null,
    "CreatedOnUTC": "2023-11-19T10:12:38.6199653",
    "CreatedById": "00000000-0000-0000-0000-000000000000"
  },
  {
    "NextDueDate": "2023-12-01T00:00:00",
    "Amount": -12.79,
    "Notes": "",
    "Categories": null,
    "Frequency": 0,
    "FrequencyValue": null,
    "DayOfWeekValue": null,
    "TransactionGroupId": "da0c6b64-6975-4c0e-89ad-f096466ff3a4",
    "TransactionType": 1,
    "Id": "bbc47043-cc36-4159-a722-e8ec4deba673",
    "Name": "Google / Etherpunk Email",
    "DeletedOnUTC": null,
    "DeletedById": null,
    "CreatedOnUTC": "2023-11-19T10:12:38.6199626",
    "CreatedById": "00000000-0000-0000-0000-000000000000"
  },
  {
    "NextDueDate": "2023-12-10T00:00:00",
    "Amount": -104.0,
    "Notes": "",
    "Categories": null,
    "Frequency": 0,
    "FrequencyValue": null,
    "DayOfWeekValue": null,
    "TransactionGroupId": "da0c6b64-6975-4c0e-89ad-f096466ff3a4",
    "TransactionType": 1,
    "Id": "c40f3ad9-2c10-4236-9971-2570ea24df55",
    "Name": "Verizon / Cellphone",
    "DeletedOnUTC": null,
    "DeletedById": null,
    "CreatedOnUTC": "2023-11-19T10:12:38.6199667",
    "CreatedById": "00000000-0000-0000-0000-000000000000"
  },
  {
    "NextDueDate": "2023-12-18T00:00:00",
    "Amount": -16.79,
    "Notes": "",
    "Categories": null,
    "Frequency": 0,
    "FrequencyValue": null,
    "DayOfWeekValue": null,
    "TransactionGroupId": "da0c6b64-6975-4c0e-89ad-f096466ff3a4",
    "TransactionType": 1,
    "Id": "cf32f842-89ac-43a6-a860-929c11ca07f2",
    "Name": "Allstate Apartment Insurance",
    "DeletedOnUTC": null,
    "DeletedById": null,
    "CreatedOnUTC": "2023-11-19T10:12:38.6199523",
    "CreatedById": "00000000-0000-0000-0000-000000000000"
  },
  {
    "NextDueDate": "2023-12-01T00:00:00",
    "Amount": -24.67,
    "Notes": "",
    "Categories": null,
    "Frequency": 0,
    "FrequencyValue": null,
    "DayOfWeekValue": null,
    "TransactionGroupId": "da0c6b64-6975-4c0e-89ad-f096466ff3a4",
    "TransactionType": 1,
    "Id": "dc85f682-c4e5-425f-b603-9998e4f4acea",
    "Name": "Apple Services",
    "DeletedOnUTC": null,
    "DeletedById": null,
    "CreatedOnUTC": "2023-11-19T10:12:38.6199551",
    "CreatedById": "00000000-0000-0000-0000-000000000000"
  },
  {
    "NextDueDate": "2023-12-28T00:00:00",
    "Amount": -80.72,
    "Notes": "",
    "Categories": null,
    "Frequency": 0,
    "FrequencyValue": null,
    "DayOfWeekValue": null,
    "TransactionGroupId": "da0c6b64-6975-4c0e-89ad-f096466ff3a4",
    "TransactionType": 1,
    "Id": "ea3d515f-4c33-4519-811e-fb27c6d4a8f8",
    "Name": "ATT Internet",
    "DeletedOnUTC": null,
    "DeletedById": null,
    "CreatedOnUTC": "2023-11-19T10:12:38.6199564",
    "CreatedById": "00000000-0000-0000-0000-000000000000"
  },
  {
    "NextDueDate": "2023-12-15T00:00:00",
    "Amount": -150.0,
    "Notes": "",
    "Categories": null,
    "Frequency": 0,
    "FrequencyValue": null,
    "DayOfWeekValue": null,
    "TransactionGroupId": "da0c6b64-6975-4c0e-89ad-f096466ff3a4",
    "TransactionType": 1,
    "Id": "f1d9797c-baf0-47d0-be4a-8d83b3db9f88",
    "Name": "Windows",
    "DeletedOnUTC": null,
    "DeletedById": null,
    "CreatedOnUTC": "2023-11-19T10:12:38.6199681",
    "CreatedById": "00000000-0000-0000-0000-000000000000"
  }
]