[
  {
    "Amount": 1998.0,
    "AccountId": "0af5ab9b-c1fb-4255-bc49-9b7c23014a78",
    "TransactionPendingUTC": "2023-11-25T00:00:00",
    "TransactionClearedUTC": "2023-11-25T00:00:00",
    "Balance": 1998.0,
    "Notes": "",
    "Categories": null,
    "Files": null,
    "RecurringTransactionId": null,
    "TransactionType": 0,
    "Id": "f8dc1389-d1ad-4b29-8f75-cdf8ef183374",
    "Name": "SSDI",
    "DeletedOnUTC": null,
    "DeletedById": null,
    "CreatedOnUTC": "2023-11-19T10:12:38.6199756",
    "CreatedById": "00000000-0000-0000-0000-000000000000"
  },
  {
    "Amount": -10.81,
    "AccountId": "0af5ab9b-c1fb-4255-bc49-9b7c23014a78",
    "TransactionPendingUTC": null,
    "TransactionClearedUTC": null,
    "Balance": 1987.19,
    "Notes": "",
    "Categories": null,
    "Files": null,
    "RecurringTransactionId": "6256ea4d-6822-4445-8fe7-e476f5dfcf44",
    "TransactionType": 1,
    "Id": "18ab2619-f85c-4038-98a7-2d55f4a4db9c",
    "Name": "Adobe Photoshop",
    "DeletedOnUTC": null,
    "DeletedById": null,
    "CreatedOnUTC": "2023-11-19T10:12:38.6199783",
    "CreatedById": "00000000-0000-0000-0000-000000000000"
  }
]