[
  {
    "FirstName": "admin",
    "FullNameFirstFirst": "admin admin",
    "FullNameLastFirst": "admin, admin",
    "IsDisabled": false,
    "LastName": "admin",
    "LocalTimeZone": "Central Standard Time",
    "CreatedOn": "2023-11-19T10:12:38.6199121",
    "Id": "00000000-0000-0000-0000-000000000000",
    "UserName": "Admin",
    "NormalizedUserName": null,
    "Email": "",
    "NormalizedEmail": null,
    "EmailConfirmed": false,
    "PasswordHash": null,
    "SecurityStamp": "713d71f7-51f0-4dd7-8ecc-cb596254e9f4",
    "ConcurrencyStamp": "59dfaf52-0009-49b2-8d4c-db2d025b8608",
    "PhoneNumber": null,
    "PhoneNumberConfirmed": false,
    "TwoFactorEnabled": false,
    "LockoutEnd": null,
    "LockoutEnabled": false,
    "AccessFailedCount": 0
  }
]